{
  "$schema": "https://schema.tauri.app/config/2",
  "productName": "my-app",
  "version": "0.1.0",
  "identifier": "com.litscan.app",
  "build": {
    "frontendDist": "../build",
    "devUrl": "https://localhost:3000",
    "beforeDevCommand": "npm run dev",
    "beforeBuildCommand": "npm run build"
  },
  "app": {
    "windows": [
      {
        "title": "my-app",
        "width": 800,
        "height": 600,
        "resizable": true,
        "fullscreen": false
      }
    ],
    "security": {
      "csp": null
    }
  },
  "bundle": {
    "active": true,
    "targets": "all",
    "icon": [
      "icons/32x32.png",
      "icons/128x128.png",
      "icons/128x128@2x.png",
      "icons/icon.icns",
      "icons/icon.ico"
    ]
  },
  "plugins": {
    "http": {
      "scope": [
        "http://localhost:8090/*",
        "http://localhost:9000/*"
      ]
    }
  }
}
